"store";"websites";"attribute_set";"type";"category_ids";"url";"entity_id";"sku";"has_options";"name";"meta_title";"meta_description";"image";"small_image";"thumbnail";"url_key";"url_path";"custom_design";"page_layout";"options_container";"image_label";"small_image_label";"thumbnail_label";"country_of_manufacture";"msrp_enabled";"msrp_display_actual_price_type";"gift_message_available";"status";"is_recurring";"visibility";"tax_class_id";"price";"special_price";"weight";"msrp";"description";"short_description";"meta_keyword";"custom_layout_update";"special_from_date";"special_to_date";"news_from_date";"news_to_date";"custom_design_from";"custom_design_to";"qty";"min_qty";"use_config_min_qty";"is_qty_decimal";"backorders";"use_config_backorders";"min_sale_qty";"use_config_min_sale_qty";"max_sale_qty";"use_config_max_sale_qty";"is_in_stock";"low_stock_date";"notify_stock_qty";"use_config_notify_stock_qty";"manage_stock";"use_config_manage_stock";"stock_status_changed_auto";"use_config_qty_increments";"qty_increments";"use_config_enable_qty_inc";"enable_qty_increments";"is_decimal_divided";"stock_status_changed_automatically";"use_config_enable_qty_increments";"product_name";"store_id";"product_type_id";"product_status_changed";"product_changed_websites";"website";"_media_image";"_media_lable";"_media_position";"_media_is_disabled"
"ge";"base";"Default";"simple";"3,6,7";"http://127.0.0.1/highlander-men-s-checkered-casual-blue-shirt.html?___store=ge";"1";"mcs001";"0";"HIGHLANDER Men's Checkered Casual Blue Shirt";"";"";"http://127.0.0.1/media/catalog/product/cache/1/image/500x/040ec09b1e35df139433887a97daa66f/h/l/hlsh008964-blue-highlander-l-400x400-imaehg6f7duvupja.jpeg";"/h/l/hlsh008964-blue-highlander-l-400x400-imaehg6fbvtv4gyy_1.jpeg";"/h/l/hlsh008964-blue-highlander-l-400x400-imaehg6fzh5vvzmc.jpeg";"highlander-men-s-checkered-casual-blue-shirt";"highlander-men-s-checkered-casual-blue-shirt.html";"";"No layout updates";"Product Info Column";"";"";"";"India";"Use config";"Use config";"No";"Enabled";"No";"Catalog, Search";"Taxable Goods";"549.0000";"";"100.0000";"";"Fabric:Cotton
Slim Fit, Full Sleeve
Collar Type: Regular
Pattern: Checkered
Set of 1";"Fabric:Cotton
Slim Fit, Full Sleeve
Collar Type: Regular
Pattern: Checkered
Set of 1";"";"";"";"";"2016-09-15 00:00:00";"2016-09-30 00:00:00";"";"";"100.0000";"0.0000";"1";"0";"0";"1";"1.0000";"1";"0.0000";"1";"1";"";"";"1";"0";"1";"0";"1";"0.0000";"1";"0";"0";"0";"1";"HIGHLANDER Men's Checkered Casual Blue Shirt";"6";"simple";"1";"";"";"";"";"";""
"ge";"";"";"";"";"";"";"mcs001";"";"";"";"";"";"";"";"";"";"";"";"";"";"";"";"";"";"";"";"";"";"";"";"";"";"";"";"";"";"";"";"";"";"";"";"";"";"";"";"";"";"";"";"";"";"";"";"";"";"";"";"";"";"";"";"";"";"";"";"";"";"";"";"";"";"";"";"/h/l/hlsh008964-blue-highlander-l-400x400-imaehg6fakex5qxn.jpeg";"";"3";"0"
"ge";"";"";"";"";"";"";"mcs001";"";"";"";"";"";"";"";"";"";"";"";"";"";"";"";"";"";"";"";"";"";"";"";"";"";"";"";"";"";"";"";"";"";"";"";"";"";"";"";"";"";"";"";"";"";"";"";"";"";"";"";"";"";"";"";"";"";"";"";"";"";"";"";"";"";"";"";"/h/l/hlsh008964-blue-highlander-l-400x400-imaehg6fmcwmaarh.jpeg";"";"5";"0"
"ge";"base";"Default";"simple";"3,6,7";"http://127.0.0.1/rapphael-men-s-solid-casual-blue-shirt.html?___store=ge";"2";"mcs002";"0";"Rapphael Men's Solid Casual Blue Shirt";"";"";"http://127.0.0.1/media/catalog/product/cache/1/image/500x/040ec09b1e35df139433887a97daa66f/r/p/rpl-00025-rapphael-xl-400x400-imaeety79z9fz5ds.jpeg";"/r/p/rpl-00025-rapphael-xl-400x400-imaeety8jqpuujk5.jpeg";"/r/p/rpl-00025-rapphael-xl-400x400-imaeety7m5wvkwtw.jpeg";"rapphael-men-s-solid-casual-blue-shirt";"rapphael-men-s-solid-casual-blue-shirt.html";"";"No layout updates";"Product Info Column";"";"";"";"India";"Use config";"Use config";"No";"Enabled";"No";"Catalog, Search";"Taxable Goods";"600.0000";"";"100.0000";"";"Fabric:Cotton
Regular Fit, Full Sleeve
Pattern: Solid
Set of 1";"Fabric:Cotton
Regular Fit, Full Sleeve
Pattern: Solid
Set of 1";"";"";"";"";"";"";"";"";"100.0000";"0.0000";"1";"0";"0";"1";"1.0000";"1";"0.0000";"1";"1";"";"";"1";"0";"1";"0";"1";"0.0000";"1";"0";"0";"0";"1";"Rapphael Men's Solid Casual Blue Shirt";"6";"simple";"1";"";"";"";"";"";""
"ge";"";"";"";"";"";"";"mcs002";"";"";"";"";"";"";"";"";"";"";"";"";"";"";"";"";"";"";"";"";"";"";"";"";"";"";"";"";"";"";"";"";"";"";"";"";"";"";"";"";"";"";"";"";"";"";"";"";"";"";"";"";"";"";"";"";"";"";"";"";"";"";"";"";"";"";"";"/r/p/rpl-00025-rapphael-xl-400x400-imaeety7e8pgpzqd.jpeg";"";"4";"0"
"ge";"";"";"";"";"";"";"mcs002";"";"";"";"";"";"";"";"";"";"";"";"";"";"";"";"";"";"";"";"";"";"";"";"";"";"";"";"";"";"";"";"";"";"";"";"";"";"";"";"";"";"";"";"";"";"";"";"";"";"";"";"";"";"";"";"";"";"";"";"";"";"";"";"";"";"";"";"/r/p/rpl-00025-rapphael-xl-400x400-imaeety6sgtfsgfm.jpeg";"";"5";"0"
"ge";"base";"Default";"simple";"3,5,6";"http://127.0.0.1/john-players-men-s-formal-shirt.html?___store=ge";"3";"mfs001";"0";"John Players Men's Formal Shirt";"";"";"http://127.0.0.1/media/catalog/product/cache/1/image/500x/040ec09b1e35df139433887a97daa66f/j/w/jwnfs059d33-john-players-40-400x400-imae3r2v7ahqaaea.jpeg";"/j/w/jwnfs059d33-john-players-40-400x400-imae3r2vchzgftqx.jpeg";"/j/w/jwnfs059d33-john-players-40-400x400-imae3r2vkcyzwutm.jpeg";"john-players-men-s-formal-shirt";"john-players-men-s-formal-shirt.html";"";"No layout updates";"Product Info Column";"";"";"";"India";"Use config";"Use config";"No";"Enabled";"No";"Catalog, Search";"Taxable Goods";"471.0000";"";"100.0000";"";"Suitable For Western Wear";"Suitable For Western Wear";"";"";"";"";"2016-09-15 00:00:00";"2016-09-30 00:00:00";"";"";"100.0000";"0.0000";"1";"0";"0";"1";"1.0000";"1";"0.0000";"1";"1";"";"";"1";"0";"1";"0";"1";"0.0000";"1";"0";"0";"0";"1";"John Players Men's Formal Shirt";"6";"simple";"1";"";"";"";"";"";""
"ge";"";"";"";"";"";"";"mfs001";"";"";"";"";"";"";"";"";"";"";"";"";"";"";"";"";"";"";"";"";"";"";"";"";"";"";"";"";"";"";"";"";"";"";"";"";"";"";"";"";"";"";"";"";"";"";"";"";"";"";"";"";"";"";"";"";"";"";"";"";"";"";"";"";"";"";"";"/j/w/jwnfs059d33-john-players-40-400x400-imae3r2vthwhcwgq.jpeg";"";"4";"0"
"ge";"";"";"";"";"";"";"mfs001";"";"";"";"";"";"";"";"";"";"";"";"";"";"";"";"";"";"";"";"";"";"";"";"";"";"";"";"";"";"";"";"";"";"";"";"";"";"";"";"";"";"";"";"";"";"";"";"";"";"";"";"";"";"";"";"";"";"";"";"";"";"";"";"";"";"";"";"/j/w/jwnfs059d33-john-players-40-400x400-imae3r2vw9hyu6v5.jpeg";"";"5";"0"
"ge";"base";"Default";"simple";"4";"http://127.0.0.1/just-chic-embroidered-kurta-churidar.html?___store=ge";"4";"wk001";"0";"Just Chic Embroidered Kurta & Churidar(Stitched)";"";"";"http://127.0.0.1/media/catalog/product/cache/1/image/500x/040ec09b1e35df139433887a97daa66f/d/e/designer-just-chic-free-400x400-imaefhnfr2gdcypy.jpeg";"/d/e/designer-just-chic-free-400x400-imaefhfavrnnzagg.jpeg";"/d/e/designer-just-chic-free-400x400-imaefhfavrnnzagg.jpeg";"just-chic-embroidered-kurta-churidar";"just-chic-embroidered-kurta-churidar.html";"";"No layout updates";"Product Info Column";"";"";"";"India";"Use config";"Use config";"No";"Enabled";"No";"Catalog, Search";"Taxable Goods";"674.0000";"";"250.0000";"";"Type: Kurta & Churidar
Sleeve: Full Sleeve
Pattern: Embroidered
Occasion: Festive & Party
Anarkali Kurta | Dupatta Included";"Type: Kurta & Churidar
Sleeve: Full Sleeve
Pattern: Embroidered
Occasion: Festive & Party
Anarkali Kurta | Dupatta Included";"";"";"";"";"2016-09-15 00:00:00";"2016-09-30 00:00:00";"";"";"100.0000";"0.0000";"1";"0";"0";"1";"1.0000";"1";"0.0000";"1";"1";"";"";"1";"0";"1";"0";"1";"0.0000";"1";"0";"0";"0";"1";"Just Chic Embroidered Kurta & Churidar(Stitched)";"6";"simple";"1";"";"";"";"";"";""
"ge";"base";"Default";"simple";"4";"http://127.0.0.1/mokshi-casual-solid-women-s-kurti.html?___store=ge";"5";"wk002";"0";"Mokshi Casual Solid Women's Kurti";"";"";"http://127.0.0.1/media/catalog/product/cache/1/image/500x/040ec09b1e35df139433887a97daa66f/k/u/ku143pnk-mokshi-3xl-400x400-imaec9fpejwnvqfz.jpeg";"/k/u/ku143pnk-mokshi-l-400x400-imaec9fpecxg6ezg.jpeg";"/k/u/ku143pnk-mokshi-l-400x400-imaec9fppytfzcgm.jpeg";"mokshi-casual-solid-women-s-kurti";"mokshi-casual-solid-women-s-kurti.html";"";"No layout updates";"Product Info Column";"";"";"";"India";"Use config";"Use config";"No";"Enabled";"No";"Catalog, Search";"Shipping";"474.0000";"";"250.0000";"";"Sleeve Type: 3/4 Sleeve
Fabric: Cotton
Casual Wear
Pattern: Solid
Pack of: 1
Suitable for: Ethnic Wear";"Sleeve Type: 3/4 Sleeve
Fabric: Cotton
Casual Wear
Pattern: Solid
Pack of: 1
Suitable for: Ethnic Wear";"";"";"";"";"";"";"";"";"100.0000";"0.0000";"1";"0";"0";"1";"1.0000";"1";"0.0000";"1";"1";"";"";"1";"0";"1";"0";"1";"0.0000";"1";"0";"0";"0";"1";"Mokshi Casual Solid Women's Kurti";"6";"simple";"1";"";"";"";"";"";""
"ge";"";"";"";"";"";"";"wk002";"";"";"";"";"";"";"";"";"";"";"";"";"";"";"";"";"";"";"";"";"";"";"";"";"";"";"";"";"";"";"";"";"";"";"";"";"";"";"";"";"";"";"";"";"";"";"";"";"";"";"";"";"";"";"";"";"";"";"";"";"";"";"";"";"";"";"";"/k/u/ku143pnk-mokshi-xl-400x400-imaec9fpbyh4gseh.jpeg";"";"4";"0"
"ge";"base";"Default";"simple";"4";"http://127.0.0.1/vimalnath-synthetics-geometric-print-fashion-georgette-sari.html?___store=ge";"6";"ws001";"0";"VIMALNATH SYNTHETICS Geometric Print Fashion Georgette Sari";"";"";"http://127.0.0.1/media/catalog/product/cache/1/image/500x/040ec09b1e35df139433887a97daa66f/1/-/1-1-ethtdrhdhdtrhg-vimalnath-synthetics-400x400-imaekgu273ydzgyf.jpeg";"/1/-/1-1-ethtdrhdhdtrhg-vimalnath-synthetics-400x400-imaekgufrwtfhrzr.jpeg";"/1/-/1-1-ethtdrhdhdtrhg-vimalnath-synthetics-400x400-imaekguhhngxa2nx.jpeg";"vimalnath-synthetics-geometric-print-fashion-georgette-sari";"vimalnath-synthetics-geometric-print-fashion-georgette-sari.html";"";"No layout updates";"Product Info Column";"";"";"";"India";"Use config";"Use config";"No";"Enabled";"No";"Catalog, Search";"Shipping";"332.0000";"";"250.0000";"";"Style: Half & Half Sari
Saree Fabric: Georgette
Blouse Fabric: Georgette
With Blouse Piece
Type: Fashion
Set of: 1";"Style: Half & Half Sari
Saree Fabric: Georgette
Blouse Fabric: Georgette
With Blouse Piece
Type: Fashion
Set of: 1";"";"";"";"";"";"";"";"";"100.0000";"0.0000";"1";"0";"0";"1";"1.0000";"1";"0.0000";"1";"1";"";"";"1";"0";"1";"0";"1";"0.0000";"1";"0";"0";"0";"1";"VIMALNATH SYNTHETICS Geometric Print Fashion Georgette Sari";"6";"simple";"1";"";"";"";"";"";""
"ge";"";"";"";"";"";"";"ws001";"";"";"";"";"";"";"";"";"";"";"";"";"";"";"";"";"";"";"";"";"";"";"";"";"";"";"";"";"";"";"";"";"";"";"";"";"";"";"";"";"";"";"";"";"";"";"";"";"";"";"";"";"";"";"";"";"";"";"";"";"";"";"";"";"";"";"";"/1/-/1-1-ethtdrhdhdtrhg-vimalnath-synthetics-400x400-imaekh6jjg85xved.jpeg";"";"4";"0"
"ge";"base";"Default";"simple";"3";"http://127.0.0.1/eg-egbb-30-l-backpack.html?___store=ge";"7";"mb001";"0";"EG EGBB 30 L Backpack(Blue)";"";"";"http://127.0.0.1/media/catalog/product/cache/1/image/500x/040ec09b1e35df139433887a97daa66f/e/g/egbb1-eg-backpack-egbb-400x400-imaecearathffxg8.jpeg";"/e/g/egbb1-eg-backpack-egbb-400x400-imaeeha95uguef4t.jpeg";"/e/g/egbb1-eg-backpack-egbb-400x400-imaeehatwzgm9scz.jpeg";"eg-egbb-30-l-backpack";"eg-egbb-30-l-backpack.html";"";"No layout updates";"Product Info Column";"";"";"";"India";"Use config";"Use config";"No";"Enabled";"No";"Catalog, Search";"Taxable Goods";"399.0000";"";"300.0000";"";"For Boys, Men, Girls, Women
Capacity: 30 L
Waterproof";"For Boys, Men, Girls, Women
Capacity: 30 L
Waterproof";"";"";"";"";"";"";"";"";"100.0000";"0.0000";"1";"0";"0";"1";"1.0000";"1";"0.0000";"1";"1";"";"";"1";"0";"1";"0";"1";"0.0000";"1";"0";"0";"0";"1";"EG EGBB 30 L Backpack(Blue)";"6";"simple";"1";"";"";"";"";"";""
"ge";"";"";"";"";"";"";"mb001";"";"";"";"";"";"";"";"";"";"";"";"";"";"";"";"";"";"";"";"";"";"";"";"";"";"";"";"";"";"";"";"";"";"";"";"";"";"";"";"";"";"";"";"";"";"";"";"";"";"";"";"";"";"";"";"";"";"";"";"";"";"";"";"";"";"";"";"/e/g/egbb1-eg-backpack-egbb-400x400-imaeehatyhyyhxgv.jpeg";"";"4";"0"
"ge";"base";"Default";"simple";"4";"http://127.0.0.1/jimmy-octan-shoulder-bag.html?___store=ge";"8";"whb001";"0";"Jimmy Octan Shoulder Bag";"";"";"";"";"/j/o/jo-600-bg-104-jimmy-octan-hand-held-bag-jimmy-octan-brown-color-400x400-imaecf7s2rzrctun.jpeg";"jimmy-octan-shoulder-bag";"jimmy-octan-shoulder-bag.html";"";"No layout updates";"Product Info Column";"";"";"";"India";"Use config";"Use config";"No";"Enabled";"No";"Catalog, Search";"Taxable Goods";"339.0000";"";"350.0000";"";"For Girls
Material: PU
Closure: Zip
Casual, Evening/Party, Festive, Formal, Casual Bag";"For Girls
Material: PU
Closure: Zip
Casual, Evening/Party, Festive, Formal, Casual Bag";"";"";"";"";"";"";"";"";"100.0000";"0.0000";"1";"0";"0";"1";"1.0000";"1";"0.0000";"1";"1";"";"";"1";"0";"1";"0";"1";"0.0000";"1";"0";"0";"0";"1";"Jimmy Octan Shoulder Bag";"6";"simple";"1";"";"";"";"";"";""
"ge";"";"";"";"";"";"";"whb001";"";"";"";"";"";"";"";"";"";"";"";"";"";"";"";"";"";"";"";"";"";"";"";"";"";"";"";"";"";"";"";"";"";"";"";"";"";"";"";"";"";"";"";"";"";"";"";"";"";"";"";"";"";"";"";"";"";"";"";"";"";"";"";"";"";"";"";"/j/o/jo-600-bg-104-jimmy-octan-hand-held-bag-jimmy-octan-brown-color-400x400-imaecf7s3hfng6k9.jpeg";"";"4";"0"
"ge";"";"";"";"";"";"";"whb001";"";"";"";"";"";"";"";"";"";"";"";"";"";"";"";"";"";"";"";"";"";"";"";"";"";"";"";"";"";"";"";"";"";"";"";"";"";"";"";"";"";"";"";"";"";"";"";"";"";"";"";"";"";"";"";"";"";"";"";"";"";"";"";"";"";"";"";"/j/o/jo-600-bg-104-jimmy-octan-hand-held-bag-jimmy-octan-brown-color-400x400-imaecf7sb9fnf23n.jpeg";"";"5";"0"
"ge";"";"";"";"";"";"";"whb001";"";"";"";"";"";"";"";"";"";"";"";"";"";"";"";"";"";"";"";"";"";"";"";"";"";"";"";"";"";"";"";"";"";"";"";"";"";"";"";"";"";"";"";"";"";"";"";"";"";"";"";"";"";"";"";"";"";"";"";"";"";"";"";"";"";"";"";"/j/o/jo-600-bg-104-jimmy-octan-hand-held-bag-jimmy-octan-brown-color-400x400-imaecf7shvbdanbw.jpeg";"";"6";"0"
"ge";"";"";"";"";"";"";"whb001";"";"";"";"";"";"";"";"";"";"";"";"";"";"";"";"";"";"";"";"";"";"";"";"";"";"";"";"";"";"";"";"";"";"";"";"";"";"";"";"";"";"";"";"";"";"";"";"";"";"";"";"";"";"";"";"";"";"";"";"";"";"";"";"";"";"";"";"/j/o/jo-600-bg-104-jimmy-octan-hand-held-bag-jimmy-octan-brown-color-400x400-imaecf7sure4gmqw.jpeg";"";"7";"0"
"ge";"base";"Default";"simple";"3";"http://127.0.0.1/ray-ban-aviator-sunglasses.html?___store=ge";"9";"ms001";"0";"Ray Ban Aviator Sunglasses(Green)";"";"";"http://127.0.0.1/media/catalog/product/cache/1/image/500x/040ec09b1e35df139433887a97daa66f/0/r/0rb3026iw2027-ray-ban-62-400x400-imadrzyu3fhs5rzv.jpeg";"/0/r/0rb3026iw2027-ray-ban-62-400x400-imadrzyuhwh5jwhy.jpeg";"/0/r/0rb3026iw2027-ray-ban-62-400x400-imadrzyuvkbnqksa.jpeg";"ray-ban-aviator-sunglasses";"ray-ban-aviator-sunglasses.html";"";"No layout updates";"Product Info Column";"";"";"";"India";"Use config";"Use config";"No";"Enabled";"No";"Catalog, Search";"Taxable Goods";"3902.0000";"";"150.0000";"";"Colour: Green
Lens colour: Green
Purpose: Style, Driving";"Colour: Green
Lens colour: Green
Purpose: Style, Driving";"";"";"";"";"";"";"";"";"100.0000";"0.0000";"1";"0";"0";"1";"1.0000";"1";"0.0000";"1";"1";"";"";"1";"0";"1";"0";"1";"0.0000";"1";"0";"0";"0";"1";"Ray Ban Aviator Sunglasses(Green)";"6";"simple";"1";"";"";"";"";"";""
"ge";"";"";"";"";"";"";"ms001";"";"";"";"";"";"";"";"";"";"";"";"";"";"";"";"";"";"";"";"";"";"";"";"";"";"";"";"";"";"";"";"";"";"";"";"";"";"";"";"";"";"";"";"";"";"";"";"";"";"";"";"";"";"";"";"";"";"";"";"";"";"";"";"";"";"";"";"/0/r/0rb3026iw2027-ray-ban-62-400x400-imadrzyuzxrazzc3.jpeg";"";"7";"0"
"ge";"base";"Default";"simple";"4";"http://127.0.0.1/fastrack-over-sized-sunglasses.html?___store=ge";"10";"was001";"0";"Fastrack Over-sized Sunglasses(Grey)";"";"";"http://127.0.0.1/media/catalog/product/cache/1/image/500x/040ec09b1e35df139433887a97daa66f/p/2/p258bk2f-fastrack-free-size-400x400-imadqrb5njzvtzud.jpeg";"/p/2/p258bk2f-fastrack-free-size-400x400-imadqrb5pfzxzzrg.jpeg";"/p/2/p258bk2f-fastrack-free-size-400x400-imadqrb5qgwzsazv.jpeg";"fastrack-over-sized-sunglasses";"fastrack-over-sized-sunglasses.html";"";"No layout updates";"Product Info Column";"";"";"";"India";"Use config";"Use config";"No";"Enabled";"No";"Catalog, Search";"Taxable Goods";"1246.0000";"";"150.0000";"";"Lens colour: Grey
Purpose: Driving, Style
";"Lens colour: Grey
Purpose: Driving, Style
";"";"";"";"";"";"";"";"";"100.0000";"0.0000";"1";"0";"0";"1";"1.0000";"1";"0.0000";"1";"1";"";"";"1";"0";"1";"0";"1";"0.0000";"1";"0";"0";"0";"1";"Fastrack Over-sized Sunglasses(Grey)";"6";"simple";"1";"";"";"";"";"";""
"ge";"";"";"";"";"";"";"was001";"";"";"";"";"";"";"";"";"";"";"";"";"";"";"";"";"";"";"";"";"";"";"";"";"";"";"";"";"";"";"";"";"";"";"";"";"";"";"";"";"";"";"";"";"";"";"";"";"";"";"";"";"";"";"";"";"";"";"";"";"";"";"";"";"";"";"";"/p/2/p258bk2f-fastrack-free-size-400x400-imadqrb5zeucapj9.jpeg";"";"4";"0"
"ge";"";"";"";"";"";"";"was001";"";"";"";"";"";"";"";"";"";"";"";"";"";"";"";"";"";"";"";"";"";"";"";"";"";"";"";"";"";"";"";"";"";"";"";"";"";"";"";"";"";"";"";"";"";"";"";"";"";"";"";"";"";"";"";"";"";"";"";"";"";"";"";"";"";"";"";"/p/2/p258bk2f-fastrack-free-size-400x400-imadqrb59c3dgrga.jpeg";"";"5";"0"
"ge";"base";"Default";"simple";"4";"http://127.0.0.1/people-skinny-fit-women-s-blue-jeans.html?___store=ge";"11";"wj001";"0";"People Skinny Fit Women's Blue Jeans";"";"";"http://127.0.0.1/media/catalog/product/cache/1/image/500x/040ec09b1e35df139433887a97daa66f/p/2/p20402124835001-people-32-200x200-imaecsttbjxcnzwj.jpeg";"/p/2/p20402124993251-people-32-400x400-imaebppyajbkxytc.jpeg";"/p/2/p20402124993251-people-32-400x400-imaebppyzugswdjh.jpeg";"people-skinny-fit-women-s-blue-jeans";"people-skinny-fit-women-s-blue-jeans.html";"";"No layout updates";"Product Info Column";"";"";"";"India";"Use config";"Use config";"No";"Enabled";"No";"Catalog, Search";"Shipping";"1299.0000";"";"150.0000";"";"Fit: Skinny
Fabric: Cotton and Poly Lycra
Mid Rise Jeans";"Fit: Skinny
Fabric: Cotton and Poly Lycra
Mid Rise Jeans";"";"";"";"";"2016-09-13 00:00:00";"2016-09-27 00:00:00";"";"";"100.0000";"0.0000";"1";"0";"0";"1";"1.0000";"1";"0.0000";"1";"1";"";"";"1";"0";"1";"0";"1";"0.0000";"1";"0";"0";"0";"1";"People Skinny Fit Women's Blue Jeans";"6";"simple";"1";"";"";"";"";"";""
"ge";"";"";"";"";"";"";"wj001";"";"";"";"";"";"";"";"";"";"";"";"";"";"";"";"";"";"";"";"";"";"";"";"";"";"";"";"";"";"";"";"";"";"";"";"";"";"";"";"";"";"";"";"";"";"";"";"";"";"";"";"";"";"";"";"";"";"";"";"";"";"";"";"";"";"";"";"/p/2/p20402124993251-people-34-400x400-imaebppybzutnkcj.jpeg";"";"4";"0"
"ge";"";"";"";"";"";"";"wj001";"";"";"";"";"";"";"";"";"";"";"";"";"";"";"";"";"";"";"";"";"";"";"";"";"";"";"";"";"";"";"";"";"";"";"";"";"";"";"";"";"";"";"";"";"";"";"";"";"";"";"";"";"";"";"";"";"";"";"";"";"";"";"";"";"";"";"";"/p/2/p20402124993251-people-34-400x400-imaebppyyhj5geh7.jpeg";"";"5";"0"
"ge";"base";"Default";"simple";"4";"http://127.0.0.1/ico-blue-star-slim-fit-women-s-light-jeans.html?___store=ge";"12";"wj002";"0";"Ico Blue Star Slim Fit Women's Light Blue Jeans";"";"";"http://127.0.0.1/media/catalog/product/cache/1/image/500x/040ec09b1e35df139433887a97daa66f/j/s/js-2-lb-ico-blue-star-26-400x400-imaedpd4hdufdcu9.jpeg";"/j/s/js-2-lb-ico-blue-star-28-400x400-imaedpd4cwmbqhne.jpeg";"/j/s/js-2-lb-ico-blue-star-28-400x400-imaedpd4ynb5eqde.jpeg";"ico-blue-star-slim-fit-women-s-light-jeans";"ico-blue-star-slim-fit-women-s-light-jeans.html";"";"No layout updates";"Product Info Column";"";"";"";"India";"Use config";"Use config";"No";"Enabled";"No";"Catalog, Search";"Shipping";"521.0000";"";"250.0000";"";"Fit: Slim
Fabric: Cotton
Clean Look Mid Rise Jeans
Clean Look
";"Fit: Slim
Fabric: Cotton
Clean Look Mid Rise Jeans
Clean Look
";"";"";"";"";"2016-09-14 00:00:00";"2016-09-30 00:00:00";"";"";"100.0000";"0.0000";"1";"0";"0";"1";"1.0000";"1";"0.0000";"1";"1";"";"";"1";"0";"1";"0";"1";"0.0000";"1";"0";"0";"0";"1";"Ico Blue Star Slim Fit Women's Light Blue Jeans";"6";"simple";"1";"";"";"";"";"";""
"ge";"";"";"";"";"";"";"wj002";"";"";"";"";"";"";"";"";"";"";"";"";"";"";"";"";"";"";"";"";"";"";"";"";"";"";"";"";"";"";"";"";"";"";"";"";"";"";"";"";"";"";"";"";"";"";"";"";"";"";"";"";"";"";"";"";"";"";"";"";"";"";"";"";"";"";"";"/j/s/js-2-lb-ico-blue-star-28-400x400-imaedsjf7wra6wfz.jpeg";"";"4";"0"
"ge";"base";"Default";"simple";"3";"http://127.0.0.1/john-players-slim-fit-men-s-jeans.html?___store=ge";"13";"mj001";"0";"John Players Slim Fit Men's Jeans";"";"";"http://127.0.0.1/media/catalog/product/cache/1/image/500x/040ec09b1e35df139433887a97daa66f/j/w/jwnrd0291a1-john-players-32-400x400-imaednye3pyhyduz.jpeg";"/j/w/jwnrd0291a1-john-players-32-400x400-imaednye26f92dpk.jpeg";"/j/w/jwnrd0291a1-john-players-32-400x400-imaednyef7pzm7tp.jpeg";"john-players-slim-fit-men-s-jeans";"john-players-slim-fit-men-s-jeans.html";"";"No layout updates";"Product Info Column";"";"";"";"India";"Use config";"Use config";"No";"Enabled";"No";"Catalog, Search";"Shipping";"1399.0000";"";"250.0000";"";"Fit: Slim";"Fit: Slim";"";"";"";"";"";"";"";"";"100.0000";"0.0000";"1";"0";"0";"1";"1.0000";"1";"0.0000";"1";"1";"";"";"1";"0";"1";"0";"1";"0.0000";"1";"0";"0";"0";"1";"John Players Slim Fit Men's Jeans";"6";"simple";"1";"";"";"";"";"";""
"ge";"";"";"";"";"";"";"mj001";"";"";"";"";"";"";"";"";"";"";"";"";"";"";"";"";"";"";"";"";"";"";"";"";"";"";"";"";"";"";"";"";"";"";"";"";"";"";"";"";"";"";"";"";"";"";"";"";"";"";"";"";"";"";"";"";"";"";"";"";"";"";"";"";"";"";"";"/j/w/jwnrd0291a1-john-players-32-400x400-imaednyetks5mjbf.jpeg";"";"4";"0"
"ge";"";"";"";"";"";"";"mj001";"";"";"";"";"";"";"";"";"";"";"";"";"";"";"";"";"";"";"";"";"";"";"";"";"";"";"";"";"";"";"";"";"";"";"";"";"";"";"";"";"";"";"";"";"";"";"";"";"";"";"";"";"";"";"";"";"";"";"";"";"";"";"";"";"";"";"";"/j/w/jwnrd0291a1-john-players-32-400x400-imaednyews79yhst.jpeg";"";"5";"0"
"ge";"base";"Default";"simple";"3";"http://127.0.0.1/newport-slim-fit-men-s-blue-jeans.html?___store=ge";"14";"mj002";"0";"Newport Slim Fit Men's Blue Jeans";"";"";"http://127.0.0.1/media/catalog/product/cache/1/image/500x/040ec09b1e35df139433887a97daa66f/2/6/269033032-blue-rinse-newport-32-400x400-imaehgfsadx9g8wx.jpeg";"/2/6/269033032-blue-rinse-newport-32-400x400-imaehgfsdbkfk5ms.jpeg";"/2/6/269033032-blue-rinse-newport-32-400x400-imaehgfsgqczat8g.jpeg";"newport-slim-fit-men-s-blue-jeans";"newport-slim-fit-men-s-blue-jeans.html";"";"No layout updates";"Product Info Column";"";"";"";"India";"Use config";"Use config";"No";"Enabled";"No";"Catalog, Search";"Taxable Goods";"799.0000";"";"250.0000";"";"Fit: Slim
Fabric: Cotton Blend
Clean Look
Clean Look";"Fit: Slim
Fabric: Cotton Blend
Clean Look
Clean Look";"";"";"";"";"2016-09-15 00:00:00";"2016-09-15 00:00:00";"";"";"100.0000";"0.0000";"1";"0";"0";"1";"1.0000";"1";"0.0000";"1";"1";"";"";"1";"0";"1";"0";"1";"0.0000";"1";"0";"0";"0";"1";"Newport Slim Fit Men's Blue Jeans";"6";"simple";"1";"";"";"";"";"";""
"ge";"";"";"";"";"";"";"mj002";"";"";"";"";"";"";"";"";"";"";"";"";"";"";"";"";"";"";"";"";"";"";"";"";"";"";"";"";"";"";"";"";"";"";"";"";"";"";"";"";"";"";"";"";"";"";"";"";"";"";"";"";"";"";"";"";"";"";"";"";"";"";"";"";"";"";"";"/2/6/269033032-blue-rinse-newport-32-400x400-imaehgfsws53ybv6.jpeg";"";"4";"0"
"ge";"";"";"";"";"";"";"mj002";"";"";"";"";"";"";"";"";"";"";"";"";"";"";"";"";"";"";"";"";"";"";"";"";"";"";"";"";"";"";"";"";"";"";"";"";"";"";"";"";"";"";"";"";"";"";"";"";"";"";"";"";"";"";"";"";"";"";"";"";"";"";"";"";"";"";"";"/2/6/269033032-blue-rinse-newport-32-400x400-imaehgfszpk5dhuc.jpeg";"";"5";"0"
